<?xml version="1.0" encoding="UTF-8"?>
<project-private xmlns="http://www.netbeans.org/ns/project-private/1">
    <editor-bookmarks xmlns="http://www.netbeans.org/ns/editor-bookmarks/2" lastBookmarkId="0"/>
    <open-files xmlns="http://www.netbeans.org/ns/projectui-open-files/2">
        <group>
            <file>file:/Applications/XAMPP/xamppfiles/htdocs/highcharts/pie/pie-semi-circle.php</file>
            <file>file:/Applications/XAMPP/xamppfiles/htdocs/highcharts/bar/basic-bar.php</file>
            <file>file:/Applications/XAMPP/xamppfiles/htdocs/highcharts/pie/pie-chart-3d.php</file>
            <file>file:/Applications/XAMPP/xamppfiles/htdocs/highcharts/bar/basic-colm-ajax.php</file>
            <file>file:/Applications/XAMPP/xamppfiles/htdocs/highcharts/bar/basic-line.php</file>
            <file>file:/Applications/XAMPP/xamppfiles/htdocs/highcharts/bar/basic-colm.php</file>
            <file>file:/Applications/XAMPP/xamppfiles/htdocs/highcharts/pie/pie-chart_1.php</file>
            <file>file:/Applications/XAMPP/xamppfiles/htdocs/highcharts/pie/pie-chart_2.php</file>
        </group>
    </open-files>
</project-private>
